id,nombre,apellido,correo,nombre_mascota,tipo_animal
1,Alexandra,Saffle,asaffle0@sun.com,Analiese,Stork black-necked
2,Archy,Lehenmann,slehenmann1@timesonline.co.uk,Scarface,Weaver lesser masked
3,Vivianna,Stratton,fstratton2@bing.com,Fitz,Sloth bear
4,Pepe,Butten,cbutten3@parallels.com,Calida,Python carpet
5,Odelinda,Gianni,mgianni4@youtube.com,Mariejeanne,Antechinus brown
6,Rodolphe,Waye,awaye5@blog.com,Abagail,Weaver red-billed buffalo
7,Karyl,Jirsa,rjirsa6@w3.org,Reba,Rhea greater
8,Mendy,Billingham,sbillingham7@msn.com,Spencer,Amazon parrot
9,Bryanty,Buchanan,wbuchanan8@howstuffworks.com,West,Nighthawk common
10,Bondy,Brogini,abrogini9@vimeo.com,Aundrea,Southern white-crowned shrike
11,Alastair,Colgan,dcolgana@newsvine.com,Denis,Spider wolf
12,Dilan,Marikhin,cmarikhinb@creativecommons.org,Cole,Desert tortoise
13,Mariann,Weyland,aweylandc@si.edu,Ardis,Magistrate black colobus
14,Lenette,Leisman,gleismand@un.org,Gilberto,Vulture white-rumped
15,Sileas,Farndell,jfarndelle@ebay.com,Josefa,Crown of thorns starfish
16,Wilmette,Saggs,isaggsf@histats.com,Isa,Little heron
17,Carroll,Craigs,jcraigsg@foxnews.com,Jeanna,Common mynah
18,Calida,Stirzaker,rstirzakerh@github.io,Randolph,Javanese cormorant
19,Quincy,Ramm,brammi@army.mil,Batsheva,Tortoise asian foreset
20,Celestyn,Eagles,meaglesj@home.pl,Moreen,African bush squirrel
21,Fernandina,Coggill,gcoggillk@dailymotion.com,Gonzales,Savannah deer
22,Rachel,Issac,gissacl@canalblog.com,Guillermo,Rhea greater
23,Beaufort,Torrijos,btorrijosm@cnbc.com,Bordy,Royal tern
24,Haze,Palleske,mpallesken@google.com,Marji,Two-banded monitor
25,Gaylene,Mowday,mmowdayo@soup.io,Mallissa,Penguin fairy
26,Quinlan,Behrend,mbehrendp@tinyurl.com,Meade,Yellow-rumped siskin
27,Lowell,Macey,nmaceyq@infoseek.co.jp,Niall,Slender loris
28,Abran,Gatus,kgatusr@hubpages.com,Kellyann,Black-capped capuchin
29,Sebastian,Brocking,sbrockings@indiatimes.com,Sherline,Caiman spectacled
30,Korney,Mohan,jmohant@meetup.com,Jeannie,Crane black-crowned
31,Juana,Gue,sgueu@sciencedirect.com,Sinclare,European red squirrel
32,Zola,Wight,gwightv@hostgator.com,Griffin,Silver gull
33,Marilin,Belf,rbelfw@buzzfeed.com,Rahel,Red-legged pademelon
34,Averell,Haslegrave,thaslegravex@google.de,Tamara,Numbat
35,Phineas,Scarce,mscarcey@usda.gov,Mikey,Stork white
36,Cristy,Limeburner,mlimeburnerz@umn.edu,Mortimer,Galapagos albatross
37,Sallie,Arden,parden10@amazonaws.com,Pedro,Grey-footed squirrel
38,Guglielma,Marchetti,smarchetti11@ed.gov,Staffard,Tawny frogmouth
39,Adi,Roads,rroads12@gmpg.org,Rheba,Purple moorhen
40,Wynn,Comiskey,pcomiskey13@51.la,Pieter,Nyala
41,Tommy,Vlasenko,bvlasenko14@tripod.com,Bobbee,Savannah deer
42,Penn,Snoday,psnoday15@google.es,Paloma,Mynah common
43,Corrie,Scotchmer,ascotchmer16@meetup.com,Adeline,American woodcock
44,Christoper,MacAloren,bmacaloren17@omniture.com,Brook,Vulture white-headed
45,Jose,Valler,svaller18@theatlantic.com,Sibley,Armadillo seven-banded
46,Delores,Jewks,tjewks19@youku.com,Tonya,Gecko barking
47,Herc,Larmour,nlarmour1a@samsung.com,Nata,Squirrel malabar
48,Ashton,Burd,dburd1b@mediafire.com,Dorris,Asian elephant
49,Lurleen,Bastie,gbastie1c@ameblo.jp,Glyn,Sparrow rufous-collared
50,Hal,Vigers,avigers1d@bizjournals.com,Adara,Wolf timber
51,Antone,Forker,aforker1e@wired.com,Ashla,Wolf common
52,Dewain,Willimot,dwillimot1f@ning.com,Dolley,Hoopoe eurasian
53,Binni,MacCallester,cmaccallester1g@unc.edu,Claudell,Parrot hawk-headed
54,Kelci,Bardey,bbardey1h@google.com.au,Bartlet,Carmine bee-eater
55,Raychel,Feacham,tfeacham1i@usnews.com,Torrin,Bustard stanley
56,Leif,Sturridge,vsturridge1j@pbs.org,Vitoria,Indian mynah
57,Zechariah,Meriguet,rmeriguet1k@oaic.gov.au,Ronica,Eagle long-crested hawk
58,Modestine,Salzberger,asalzberger1l@paypal.com,Anet,Monkey black spider
59,Katy,Gregoriou,mgregoriou1m@vimeo.com,Marlane,Common pheasant
60,Tamar,Garrad,ogarrad1n@goodreads.com,Orelee,American marten
61,Fanechka,Mowsdale,tmowsdale1o@free.fr,Thatch,Rhinoceros white
62,Corissa,Llopis,cllopis1p@usgs.gov,Carmine,Horned rattlesnake
63,Agathe,Lambillion,tlambillion1q@foxnews.com,Tuckie,Otter cape clawless
64,Marius,Baelde,mbaelde1r@ocn.ne.jp,Maisey,Red-shouldered glossy starling
65,Tad,Ricards,ericards1s@wordpress.com,Eleen,Dragonfly russian
66,Delila,Colville,scolville1t@state.gov,Stefanie,Heron striated
67,Chrysa,Mengue,lmengue1u@chicagotribune.com,Lanny,Burrowing owl
68,Bryon,Rushforth,frushforth1v@people.com.cn,Filide,American bighorn sheep
69,Egor,Ivanchenkov,tivanchenkov1w@amazon.de,Trina,Thomson's gazelle
70,Shanda,Farlow,vfarlow1x@bandcamp.com,Viki,Insect stick
71,Godfry,Sapsforde,ssapsforde1y@freewebs.com,Sibylla,Fisher
72,Deena,Shoesmith,hshoesmith1z@weather.com,Horace,Brocket red
73,Clint,Iwaszkiewicz,biwaszkiewicz20@fastcompany.com,Bernie,Square-lipped rhinoceros
74,Sharl,Rihosek,arihosek21@shinystat.com,Audrye,Rufous tree pie
75,Krysta,Oliveto,woliveto22@furl.net,Whitney,Short-nosed bandicoot
76,Iolande,Ofener,sofener23@blogs.com,Sayre,Civet cat
77,Maximilianus,Luthwood,cluthwood24@so-net.ne.jp,Concettina,Lily trotter
78,Kettie,Thornley,gthornley25@time.com,Guthrey,Capybara
79,Elsie,Kirkbride,wkirkbride26@mozilla.org,Willa,Albatross waved
80,Olympie,Kiessel,lkiessel27@wsj.com,Lizzie,Red howler monkey
81,Lorens,Ellesworthe,bellesworthe28@wordpress.com,Betty,Black-capped chickadee
82,Jilly,D'Costa,edcosta29@topsy.com,Elsie,Greater roadrunner
83,Consolata,Boulde,mboulde2a@reuters.com,Mechelle,Goose canada
84,Celesta,Bagworth,rbagworth2b@seattletimes.com,Raymond,Great skua
85,Joye,Oleszkiewicz,roleszkiewicz2c@baidu.com,Ryun,Shrike crimson-breasted
86,Lanita,Bilston,cbilston2d@icq.com,Ciel,Jacana african
87,Christin,Durie,cdurie2e@tamu.edu,Cecilio,Anteater australian spiny
88,Timmie,Sooper,rsooper2f@devhub.com,Roseanna,Western grey kangaroo
89,Fanny,Pulham,ppulham2g@java.com,Pail,Snake racer
90,Sherilyn,Lomasny,dlomasny2h@is.gd,Demeter,Red-breasted nuthatch
91,Carolus,Lexa,zlexa2i@networkadvertising.org,Zilvia,Wolf timber
92,Hedvige,Mealiffe,fmealiffe2j@bbb.org,Flemming,Puku
93,Andie,Fairbrass,tfairbrass2k@free.fr,Tammie,Common eland
94,Zarla,Gumey,agumey2l@admin.ch,Adamo,Brazilian otter
95,Adham,St. Leger,astleger2m@indiatimes.com,Annabal,African clawless otter
96,Emmott,Donson,edonson2n@toplist.cz,Elihu,Gnu brindled
97,Esmaria,Daviddi,bdaviddi2o@washington.edu,Benjamin,Starfish crown of thorns
98,Reeta,MacNair,lmacnair2p@ft.com,Lynnell,Cormorant flightless
99,Minnie,Henrot,rhenrot2q@hostgator.com,Renata,Bird secretary
100,Zelig,Quillinane,aquillinane2r@accuweather.com,Amata,Capuchin brown
101,Anna-diane,Keemer,akeemer2s@fastcompany.com,Alleyn,Heron gray
102,Mattie,Frenzel;,tfrenzel2t@webs.com,Talyah,Flamingo roseat
103,Nobie,Legen,dlegen2u@seesaa.net,Darcee,Grant's gazelle
104,Mary,Kestin,pkestin2v@4shared.com,Philippa,Lapwing southern
105,Barty,Conrard,lconrard2w@washington.edu,Laetitia,Lion african
106,Garnet,Dodge,mdodge2x@hubpages.com,Maud,European badger
107,Susi,Dranfield,idranfield2y@twitpic.com,Iorgos,African black crake
108,Malena,Labusch,mlabusch2z@elegantthemes.com,Mattie,Buffalo african
109,Claudette,Gert,jgert30@answers.com,Jenny,Duck mountain
110,Malissia,Diemer,bdiemer31@mozilla.org,Brigham,Legaan Monitor
111,Heriberto,Ponten,oponten32@altervista.org,Orren,Leopard
112,Mitch,Casaro,bcasaro33@xrea.com,Bordy,Stork white
113,Damara,Onslow,eonslow34@theglobeandmail.com,Elly,Impala
114,Sol,Carlill,ccarlill35@godaddy.com,Crystal,Southern elephant seal
115,Meredith,Caush,acaush36@vistaprint.com,Angelo,Margay
116,Roxanne,Pardi,wpardi37@walmart.com,Wallis,Great white pelican
117,Missy,Daal,idaal38@dedecms.com,Ianthe,Ring dove
118,Stefa,Riby,griby39@prnewswire.com,Garrard,Colobus black and white
119,Maxie,Pentercost,lpentercost3a@gov.uk,Lily,Duck comb
120,Cash,Bendson,bbendson3b@163.com,Basile,Civet cat
121,Austin,Scardifield,tscardifield3c@amazon.de,Trev,Long-nosed bandicoot
122,Gwennie,Cannicott,ccannicott3d@hexun.com,Casper,Starfish crown of thorns
123,Adorne,Rider,rrider3e@ca.gov,Ripley,Bushpig
124,Avrit,Duce,hduce3f@mozilla.org,Heywood,Jaeger long-tailed
125,Olivier,Plott,aplott3g@si.edu,Allen,Eastern fox squirrel
126,Llywellyn,Sandes,fsandes3h@goo.ne.jp,Fletch,Zorilla
127,Meier,Farrants,bfarrants3i@slate.com,Blane,Two-toed sloth
128,Andrej,Proven,hproven3j@purevolume.com,Hewitt,Netted rock dragon
129,Cora,Cotta,bcotta3k@newsvine.com,Birgitta,Cat ringtail
130,Sandor,Faircley,yfaircley3l@kickstarter.com,York,Waxbill blue
131,Ralf,Cavanagh,rcavanagh3m@odnoklassniki.ru,Ranee,Parrot hawk-headed
132,Ekaterina,Cruikshank,fcruikshank3n@goo.gl,Fabe,Asian foreset tortoise
133,Derek,Ragdale,iragdale3o@facebook.com,Ingeborg,Rat arboral spiny
134,Broddy,Cockney,kcockney3p@admin.ch,Krisha,Ornate rock dragon
135,Mala,Maciaszek,rmaciaszek3q@columbia.edu,Regan,Opossum american virginia
136,Berri,Iacivelli,siacivelli3r@epa.gov,Suzanna,Timber wolf
137,Maurizia,Akerman,sakerman3s@shop-pro.jp,Sallie,Gecko barking
138,Chane,Hanratty,jhanratty3t@privacy.gov.au,Jamesy,Sea birds
139,Elvera,Jull,mjull3u@un.org,Melly,Armadillo nine-banded
140,Alvie,Schoffler,eschoffler3v@amazon.com,Elisabeth,Duck white-faced whistling
141,Nikki,Dikes,rdikes3w@about.me,Rosita,Red-capped cardinal
142,Katrina,Anelay,fanelay3x@hostgator.com,Ferne,Blue and yellow macaw
143,Sari,Buckthorp,cbuckthorp3y@sbwire.com,Corrie,Common turkey
144,Arvin,Maslin,amaslin3z@vinaora.com,Andrej,Black kite
145,Rhona,Ferraresi,aferraresi40@globo.com,Audie,Sally lightfoot crab
146,Dallis,Dennehy,adennehy41@nps.gov,Aguste,Monkey red howler
147,Aggie,Nappin,knappin42@zimbio.com,Kincaid,Rhea common
148,Sloan,Camillo,mcamillo43@hostgator.com,Michaella,Coatimundi ring-tailed
149,Aidan,Solley,nsolley44@elpais.com,Nickola,Burchell's gonolek
150,Courtnay,La Grange,blagrange45@theguardian.com,Barnaby,Jackal golden
151,Stewart,Rodrigo,krodrigo46@dyndns.org,Kleon,Sun gazer
152,Shawnee,Groarty,cgroarty47@economist.com,Candice,Dove ring
153,Shanta,Code,rcode48@google.es,Rodrique,Hyrax
154,Beauregard,Dudman,vdudman49@vk.com,Valeda,Griffon vulture
155,Georgi,Haggerwood,mhaggerwood4a@mozilla.com,Merrel,Booby masked
156,Nolie,Georgeot,hgeorgeot4b@123-reg.co.uk,Hertha,Eagle pallas's fish
157,Hendrick,Biernacki,fbiernacki4c@paypal.com,Fiona,Heron little
158,Gillan,Idwal Evans,lidwalevans4d@furl.net,Lorita,Spotted-tailed quoll
159,Jeanelle,Manssuer,amanssuer4e@unicef.org,Astrid,White-headed vulture
160,Geri,Reisenberg,areisenberg4f@canalblog.com,Anselm,Toddy cat
161,Borden,Gosselin,cgosselin4g@howstuffworks.com,Cristobal,Godwit hudsonian
162,Stirling,Bryer,kbryer4h@mayoclinic.com,Kyle,Gecko barking
163,Gerti,Tawse,vtawse4i@oaic.gov.au,Von,Bear grizzly
164,Westleigh,Wightman,jwightman4j@jugem.jp,Jody,Spur-winged goose
165,Christoper,Lees,slees4k@liveinternet.ru,Sancho,American badger
166,Bruno,Reardon,treardon4l@shop-pro.jp,Teddy,Tammar wallaby
167,Webb,Berrill,bberrill4m@drupal.org,Bobinette,Snake eastern indigo
168,Coreen,Raven,mraven4n@google.co.uk,Minna,Argalis
169,Pembroke,Jacquest,jjacquest4o@un.org,Julianne,Galapagos albatross
170,Jacques,Kelson,lkelson4p@ucla.edu,Luella,Cormorant javanese
171,Rebe,McGrann,nmcgrann4q@intel.com,Nance,Salmon pink bird eater tarantula
172,Christen,Balharry,jbalharry4r@scientificamerican.com,Jany,Grebe little
173,Kiersten,Sheron,lsheron4s@state.gov,Ludovico,Turtle eastern box
174,Bent,Corben,acorben4t@wired.com,Amberly,Frogmouth tawny
175,Britni,Wallsam,mwallsam4u@ow.ly,Miriam,Swan black
176,Carmon,Spilstead,mspilstead4v@newsvine.com,Minny,Cougar
177,Berti,Langeren,slangeren4w@opera.com,Shandee,Collared lemming
178,Davy,Jaycocks,sjaycocks4x@usda.gov,Sigmund,Vine snake
179,Leontine,Olliar,holliar4y@archive.org,Harmony,Snowy sheathbill
180,Tom,Penke,fpenke4z@gmpg.org,Fawnia,Magpie australian
181,Evanne,Barcroft,tbarcroft50@nbcnews.com,Tully,Possum golden brush-tailed
182,Tamarra,Danneil,rdanneil51@nsw.gov.au,Rogers,Bontebok
183,Rhea,Franzen,mfranzen52@narod.ru,Maurene,Monkey red howler
184,Sasha,Stillert,lstillert53@amazon.co.jp,Legra,Red-tailed wambenger
185,Marta,Divis,adivis54@elpais.com,Arda,Sable antelope
186,Marian,Jandourek,wjandourek55@digg.com,Wilmer,Cape Barren goose
187,Maudie,Hotchkin,shotchkin56@ning.com,Shawnee,Spoonbill european
188,Tybi,Batterson,hbatterson57@usa.gov,Hakeem,Civet small-toothed palm
189,Lucho,Hairs,yhairs58@smugmug.com,Yurik,Egret great
190,Fanchon,Beadell,hbeadell59@edublogs.org,Huntley,Rat white-faced tree
191,Ripley,Kemmish,pkemmish5a@wikimedia.org,Prudy,Common wallaroo
192,Tedi,Worsnop,bworsnop5b@sogou.com,Brigid,Malay squirrel
193,Clark,Snawdon,msnawdon5c@gmpg.org,Marcel,Mountain duck
194,Cedric,Passey,ipassey5d@homestead.com,Imojean,Skink blue-tongued
195,Annemarie,Trail,dtrail5e@illinois.edu,Dorothy,Tortoise desert
196,Jarrid,Broxholme,dbroxholme5f@yolasite.com,Danny,Cormorant pied
197,Lucian,Obbard,aobbard5g@businessinsider.com,Adoree,Horned lark
198,Maddie,Kienle,akienle5h@omniture.com,Ange,Heron grey
199,Yale,Rossetti,grossetti5i@boston.com,Guenna,Cockatoo long-billed
200,Emerson,Bumford,abumford5j@tinypic.com,Arlene,Tree porcupine
201,Lindon,Bartoletti,kbartoletti5k@scientificamerican.com,Kally,Fat-tailed dunnart
202,Guinevere,Deegan,odeegan5l@slate.com,Odie,Black-tailed prairie dog
203,Rolf,Jolliff,ljolliff5m@ycombinator.com,Lulita,Gray langur
204,Dunstan,Barkshire,tbarkshire5n@techcrunch.com,Tootsie,White stork
205,Merrily,Samber,jsamber5o@house.gov,Joli,Desert spiny lizard
206,Inger,Foley,mfoley5p@phpbb.com,Marie-ann,Cockatoo red-tailed
207,Tate,Hallybone,mhallybone5q@latimes.com,Mace,Cardinal black-throated
208,Charita,Coysh,ccoysh5r@accuweather.com,Cross,Eastern grey kangaroo
209,Cecil,McAvin,emcavin5s@tamu.edu,Eldredge,Blue fox
210,Mina,de Leon,mdeleon5t@vkontakte.ru,Murial,Sheep american bighorn
211,Orly,Ambroziak,iambroziak5u@google.pl,Irving,Levaillant's barbet
212,Paul,Layzell,glayzell5v@rambler.ru,Gilda,Black-tailed deer
213,Clerkclaude,Seymark,gseymark5w@springer.com,Glory,Squirrel eurasian red
214,Abigail,Pipworth,jpipworth5x@hatena.ne.jp,James,Rattlesnake horned
215,Pepito,Garthland,bgarthland5y@rakuten.co.jp,Bianca,Ring-tailed possum
216,Keane,Schnieder,rschnieder5z@ustream.tv,Roldan,Sheep stone
217,Elaina,Petroselli,spetroselli60@loc.gov,Sherwynd,Alligator mississippi
218,Maridel,Bucke,cbucke61@miibeian.gov.cn,Chalmers,Reindeer
219,Dori,Biffin,kbiffin62@nyu.edu,Karine,Badger american
220,Chip,Maasze,dmaasze63@ucla.edu,Deonne,Gerenuk
221,Gretchen,Orr,oorr64@themeforest.net,Orton,Magpie black-backed
222,Bryce,Howis,chowis65@blogs.com,Coralie,Pacific gull
223,Juliana,Kirkham,lkirkham66@discuz.net,Launce,Eagle long-crested hawk
224,Jami,Jozwiak,ajozwiak67@odnoklassniki.ru,Aindrea,Sparrow house
225,Bibby,Hornbuckle,hhornbuckle68@pen.io,Harland,Jaeger long-tailed
226,Jenn,Joncic,ajoncic69@t-online.de,Alexina,Baboon chacma
227,Mersey,Esom,mesom6a@geocities.jp,Myriam,Lynx african
228,Arni,Pepye,jpepye6b@xrea.com,Janos,Bustard denham's
229,Mariele,Skoughman,pskoughman6c@reverbnation.com,Petronella,Spotted wood sandpiper
230,Gawen,Salvidge,msalvidge6d@bloomberg.com,Mortimer,Booby blue-faced
231,Town,Ciepluch,mciepluch6e@economist.com,Monique,Oryx fringe-eared
232,Lou,Maffini,cmaffini6f@wufoo.com,Chickie,Woodpecker downy
233,Johnna,Waldram,hwaldram6g@narod.ru,Harlie,Black-tailed deer
234,Silvan,Rosenthal,nrosenthal6h@vinaora.com,Nev,Common waterbuck
235,Margret,Murden,dmurden6i@sourceforge.net,Duncan,American crow
236,Onida,Toplin,htoplin6j@earthlink.net,Hildagarde,Red-tailed hawk
237,Susette,Kipping,skipping6k@odnoklassniki.ru,Simonne,Alligator mississippi
238,Paco,Luchelli,zluchelli6l@umn.edu,Zechariah,Azara's zorro
239,Othilia,Louche,hlouche6m@istockphoto.com,Helsa,Goose egyptian
240,Baird,Ebbitt,eebbitt6n@dell.com,Eva,Rhinoceros black
241,Horton,Bedbrough,mbedbrough6o@nydailynews.com,Mack,Bunting crested
242,Saba,McMahon,hmcmahon6p@narod.ru,Hirsch,Greater adjutant stork
243,Courtney,Chazotte,fchazotte6q@mail.ru,Fancie,Goat mountain
244,Nicol,Dever,kdever6r@time.com,Kris,Rainbow lory
245,Tabitha,Pogson,rpogson6s@stumbleupon.com,Randi,European spoonbill
246,Aindrea,Jirzik,jjirzik6t@bing.com,Joline,Carpet python
247,Cece,Richardin,srichardin6u@wordpress.com,Sigismundo,Mexican boa
248,Benni,Kubik,wkubik6v@yahoo.com,Weber,Skink blue-tongued
249,Jaquelin,Alexandre,valexandre6w@mapquest.com,Van,Bunting crested
250,Blake,Mateev,mmateev6x@so-net.ne.jp,Milty,Warthog
251,Turner,Geck,mgeck6y@umn.edu,Marcelo,Vine snake
252,Barbe,Borham,sborham6z@mapquest.com,Shurlock,Dingo
253,Carling,Purcer,gpurcer70@dell.com,Gusty,Kangaroo eastern grey
254,Cordy,Fifield,vfifield71@sbwire.com,Vilma,Zorro azara's
255,Christiana,Vautin,avautin72@sohu.com,Alikee,Cockatoo sulfur-crested
256,Ninnetta,Slayton,dslayton73@sourceforge.net,Dion,Antelope four-horned
257,Vina,Jelly,jjelly74@slideshare.net,Jakob,Southern tamandua
258,Norry,Romeuf,sromeuf75@springer.com,Shandie,Grey fox
259,Nomi,Bernon,cbernon76@zimbio.com,Crawford,Otter small-clawed
260,Clarabelle,Sand,nsand77@twitter.com,Noami,Barbet black-collared
261,Nappy,Dumbrill,hdumbrill78@google.de,Hedi,Long-tailed spotted cat
262,Dennet,Yurygyn,tyurygyn79@nbcnews.com,Tripp,Coke's hartebeest
263,Lewie,McMaster,fmcmaster7a@bizjournals.com,Fidel,Brush-tailed rat kangaroo
264,Leanna,Corona,jcorona7b@mtv.com,Jelene,American bison
265,Mandy,Wreford,kwreford7c@dropbox.com,Kristy,Western pygmy possum
266,Kali,Kesper,gkesper7d@discuz.net,Gayle,Pig-tailed macaque
267,Thebault,Liver,bliver7e@php.net,Bamby,Goanna lizard
268,Kennett,Gatus,tgatus7f@microsoft.com,Tyson,Striped skunk
269,Osborne,Crang,ecrang7g@ebay.co.uk,Ebenezer,Glider sugar
270,Winfred,Berrecloth,fberrecloth7h@nih.gov,Florencia,Ringtail common
271,Jesus,Farryann,bfarryann7i@rediff.com,Barbabas,White-cheeked pintail
272,Jo-ann,Beamiss,cbeamiss7j@japanpost.jp,Carlynne,Old world fruit bat
273,Leonie,Boak,kboak7k@ovh.net,Kalie,Eastern box turtle
274,Perice,Astlatt,dastlatt7l@scribd.com,Dierdre,Eastern cottontail rabbit
275,Tobe,Goodayle,lgoodayle7m@aboutads.info,Lynne,Sheathbill snowy
276,Jenilee,Yallop,ryallop7n@instagram.com,Robbi,Swallow-tail gull
277,Etti,Code,scode7o@deliciousdays.com,Sonia,Chilean flamingo
278,Kaia,Mateja,umateja7p@umn.edu,Ulla,Kangaroo black-faced
279,Victor,MacGruer,rmacgruer7q@ning.com,Ramonda,Great skua
280,Melisse,Schnitter,pschnitter7r@hubpages.com,Perice,Indian red admiral
281,Terrie,Worsnap,nworsnap7s@nationalgeographic.com,Neville,Emerald-spotted wood dove
282,Lina,Spyer,aspyer7t@dagondesign.com,Asher,Long-billed corella
283,Brenden,Jirek,sjirek7u@xing.com,Sybyl,Marmot yellow-bellied
284,Gae,Squire,isquire7v@spiegel.de,Isiahi,Grenadier purple
285,Sebastian,Burd,cburd7w@marketwatch.com,Cly,Galapagos sea lion
286,Rois,St Louis,fstlouis7x@netscape.com,Faye,Sidewinder
287,Jabez,Fonte,cfonte7y@squarespace.com,Colas,Turkey common
288,Ed,Juliff,kjuliff7z@flavors.me,Konrad,Openbill stork
289,Tracie,Goudy,fgoudy80@nbcnews.com,Ferdinand,Alligator mississippi
290,Simmonds,Fieldsend,sfieldsend81@macromedia.com,Stillmann,Red and blue macaw
291,Tobie,Vasyutichev,svasyutichev82@edublogs.org,Sandy,Potoroo
292,Lindsay,Laneham,planeham83@netvibes.com,Prudy,Blue catfish
293,Dionisio,Betonia,fbetonia84@posterous.com,Fabe,Dove emerald-spotted wood
294,Bekki,Fenge,sfenge85@myspace.com,Sherlocke,Cormorant pied
295,Lita,Skelhorn,kskelhorn86@opera.com,Karyl,Cat jungle
296,Claresta,Quinton,gquinton87@networkadvertising.org,Grace,Fox savanna
297,Eleanor,Spolton,gspolton88@tuttocitta.it,Gerrilee,Finch common melba
298,Lezlie,Scherme,kscherme89@sphinn.com,Kai,Asian false vampire bat
299,Lethia,Worling,mworling8a@aboutads.info,Merrick,Dromedary camel
300,Olia,Roseburgh,croseburgh8b@eventbrite.com,Celesta,Sheep stone
301,Murry,Brownsett,ybrownsett8c@php.net,Yetta,Wallaby bennett's
302,Margit,Jurs,rjurs8d@t-online.de,Ringo,Deer barasingha
303,Kore,Fernihough,vfernihough8e@jiathis.com,Vicky,Duck blue
304,Batsheva,Everton,leverton8f@dailymotion.com,Luis,Southern ground hornbill
305,Emogene,Osbiston,nosbiston8g@topsy.com,Nester,Lourie grey
306,Worthington,Matisse,gmatisse8h@4shared.com,Gilly,Fox blue
307,Ernestus,Drabble,gdrabble8i@meetup.com,Gwen,Pheasant ring-necked
308,Lainey,McCrum,umccrum8j@g.co,Urbanus,Bleu red-cheeked cordon
309,Lyndsey,Ast,nast8k@sun.com,Noby,Large cormorant
310,Teddie,Hallibone,nhallibone8l@washingtonpost.com,Niki,Greater blue-eared starling
311,Myra,Kunzelmann,gkunzelmann8m@google.pl,Gena,Miner's cat
312,Krishnah,Fitzjohn,afitzjohn8n@thetimes.co.uk,Aurora,Chital
313,Amii,Renshall,srenshall8o@dot.gov,Sutherland,Square-lipped rhinoceros
314,Marlane,Dungate,tdungate8p@phoca.cz,Tomaso,Stanley crane
315,Cecil,Wand,ewand8q@addtoany.com,Elladine,Crow pied
316,Kayle,Goaley,cgoaley8r@nbcnews.com,Colan,Common rhea
317,Welbie,Lanchester,mlanchester8s@mysql.com,Marchelle,Otter oriental short-clawed
318,Ario,Petrishchev,mpetrishchev8t@jalbum.net,Miguelita,Owl snowy
319,Letisha,Quadrio,aquadrio8u@un.org,Annamarie,Langur common
320,Giffer,Farmar,ofarmar8v@unc.edu,Ollie,Macaque bonnet
321,Rodrique,Casement,acasement8w@walmart.com,Arny,Crane stanley
322,Lamond,Escofier,tescofier8x@desdev.cn,Teddy,Green-winged trumpeter
323,Kirstyn,Bracchi,ibracchi8y@house.gov,Inigo,Horned lark
324,Tudor,Loding,hloding8z@spotify.com,Hermione,Ring-tailed lemur
325,Maxy,Alanbrooke,malanbrooke90@time.com,Margery,Armadillo nine-banded
326,Neal,Ludman,aludman91@comcast.net,Alec,Lizard collared
327,Marielle,Bishopp,mbishopp92@ftc.gov,Monroe,Pallas's fish eagle
328,Cathrine,Stephens,ostephens93@uiuc.edu,Orbadiah,Crane sarus
329,Al,Stanger,gstanger94@networksolutions.com,Glenine,Sacred ibis
330,Leone,Weaver,pweaver95@mit.edu,Paxton,Musk ox
331,Arliene,Matuszyk,smatuszyk96@jimdo.com,Sutton,Violet-crested turaco
332,Karalee,Breyt,wbreyt97@cisco.com,Woodie,Common wolf
333,Fania,Thirlaway,athirlaway98@chicagotribune.com,Ambrosi,Giant girdled lizard
334,Francoise,Keoghane,jkeoghane99@sina.com.cn,Justis,Red-winged hawk
335,Elvin,Miskelly,gmiskelly9a@goodreads.com,Griffie,Herring gull
336,Garreth,Caldeiro,ccaldeiro9b@jalbum.net,Cris,Gila monster
337,Lorene,Vondruska,tvondruska9c@techcrunch.com,Thayne,Stanley bustard
338,Dianemarie,Ingyon,tingyon9d@webeden.co.uk,Taite,Stork white
339,Humfrey,Alcock,galcock9e@bloglovin.com,Giustina,Cat cape wild
340,Jeniffer,Gibling,mgibling9f@artisteer.com,Maddi,Wild water buffalo
341,Winnifred,Brave,obrave9g@live.com,Olivier,Yellow-billed stork
342,Nickolaus,Rove,brove9h@over-blog.com,Babbie,Barrows goldeneye
343,Devina,Gocher,kgocher9i@reference.com,Karlen,Galapagos albatross
344,Jessee,Rousby,prousby9j@ft.com,Porter,Chickadee black-capped
345,Alexandre,Brunotti,kbrunotti9k@webnode.com,Katrine,Penguin magellanic
346,Erie,Acarson,sacarson9l@ning.com,Sharlene,White-browed owl
347,Alison,Gerrit,tgerrit9m@mac.com,Thurstan,Southern sea lion
348,Karol,Bloodworth,mbloodworth9n@networkadvertising.org,Merl,Coke's hartebeest
349,Barb,Laughlan,flaughlan9o@drupal.org,Fayette,Impala
350,Guthrey,Ditty,cditty9p@arizona.edu,Cate,Black-capped capuchin
351,Goober,Rogans,orogans9q@sakura.ne.jp,Oby,Black spider monkey
352,Colin,Shallcross,mshallcross9r@yolasite.com,Meier,Catfish blue
353,Tanney,Cawdery,pcawdery9s@eepurl.com,Paquito,Pronghorn
354,Evelin,Ingleston,oingleston9t@histats.com,Olia,Australian brush turkey
355,Phaedra,Pauel,mpauel9u@nasa.gov,Michelle,Chameleon
356,Hunter,Needham,dneedham9v@irs.gov,Donaugh,Openbill asian
357,Vanya,Shatliff,eshatliff9w@creativecommons.org,Ebonee,Stork openbill
358,Yule,McElane,fmcelane9x@shareasale.com,Fabe,Eagle bateleur
359,Tirrell,Chiswell,mchiswell9y@narod.ru,Moyra,Racer snake
360,Ashlie,Scard,hscard9z@acquirethisname.com,Hermon,Cobra
361,Joelle,Gascard,jgascarda0@imgur.com,Joyann,Common brushtail possum
362,Alyce,Gianetti,rgianettia1@de.vu,Roscoe,Galapagos tortoise
363,Lisbeth,Ledward,sledwarda2@fc2.com,Sherilyn,Wagtail african pied
364,Kalina,Lexa,tlexaa3@jigsy.com,Tobie,Boa malagasy ground
365,Jakob,Mapother,wmapothera4@youtube.com,Wendie,Oribi
366,Nana,Rockcliffe,wrockcliffea5@edublogs.org,Wyatan,Egret cattle
367,Imojean,Longlands,clonglandsa6@reddit.com,Carolynn,Western patch-nosed snake
368,Jaine,Ewebank,rewebanka7@discovery.com,Ranee,Springbuck
369,Averell,Workes,rworkesa8@edublogs.org,Ronalda,Little blue penguin
370,Sonya,De Domenico,rdedomenicoa9@freewebs.com,Ruthy,Owl australian masked
371,Huberto,Mincher,zmincheraa@xrea.com,Zerk,Lion steller sea
372,Hamil,Tidder,mtidderab@cloudflare.com,Marcel,Common shelduck
373,Ambrosi,Hounson,bhounsonac@loc.gov,Barnabas,Stork european
374,Nessie,Obey,bobeyad@time.com,Baldwin,Pelican australian
375,Leora,Grabert,wgrabertae@webs.com,Washington,Currasow
376,Rozina,Wigan,ewiganaf@aol.com,Erinna,Trumpeter dark-winged
377,Phillie,Gillbanks,cgillbanksag@homestead.com,Cherry,Royal tern
378,Cecile,Hinckley,jhinckleyah@pcworld.com,Jacquelyn,Brown capuchin
379,Veradis,McParland,bmcparlandai@nifty.com,Benoite,Hudsonian godwit
380,Pammi,Hodgin,ghodginaj@icq.com,Gillan,Common dolphin
381,Kin,Folli,cfolliak@mapquest.com,Christi,Gull pacific
382,Erina,Gadsby,agadsbyal@mayoclinic.com,Ardene,Indian peacock
383,Quill,Hutchinges,mhutchingesam@nba.com,Maressa,European wild cat
384,Holmes,Aronov,maronovan@rambler.ru,Maddy,Cottonmouth
385,Jo,Bernardy,lbernardyao@scribd.com,Leda,Cormorant pied
386,Godfree,Antoinet,oantoinetap@wikispaces.com,Onofredo,Spoonbill european
387,Cyndy,Ickov,rickovaq@comcast.net,Rufe,Llama
388,Joey,Hardy,lhardyar@eepurl.com,Lauritz,Penguin galapagos
389,Myrtle,Pardie,cpardieas@amazonaws.com,Charmain,Vervet monkey
390,Felic,Hulk,ghulkat@aol.com,Gustave,Great horned owl
391,Lesley,Tollow,gtollowau@answers.com,Grissel,Striated heron
392,Wiley,Doull,ldoullav@cmu.edu,Lindi,Egret snowy
393,Ralf,Daubney,edaubneyaw@discovery.com,Edvard,Tern royal
394,Consalve,Scone,wsconeax@mediafire.com,Wolfgang,Bee-eater nubian
395,Olga,Carwithim,ccarwithimay@mashable.com,Cosette,Siskin pine
396,Jacynth,Jerred,mjerredaz@umn.edu,Mikkel,Black-winged stilt
397,Gerhardine,Benediktovich,lbenediktovichb0@usnews.com,Lesley,European beaver
398,Ichabod,Ainscow,bainscowb1@wikimedia.org,Basilio,Squirrel pine
399,Sioux,Orchard,rorchardb2@columbia.edu,Rosa,Fox silver-backed
400,Elizabet,Gibbonson,sgibbonsonb3@yandex.ru,Shalna,Baboon gelada
401,Valli,Schaumaker,mschaumakerb4@utexas.edu,Milt,Laughing kookaburra
402,Rupert,Bestwerthick,mbestwerthickb5@google.co.jp,Mack,Deer white-tailed
403,Marrissa,Worwood,lworwoodb6@independent.co.uk,Lennard,Emerald green tree boa
404,Bert,Kiddye,skiddyeb7@shop-pro.jp,Saraann,Kelp gull
405,Audy,Peacock,apeacockb8@123-reg.co.uk,Arturo,Bee-eater
406,Pierrette,Willowby,bwillowbyb9@newsvine.com,Breanne,Margay
407,Ailis,Dummer,ddummerba@alexa.com,Dietrich,Ox musk
408,Dicky,Vaan,cvaanbb@walmart.com,Christin,Platypus
409,Jeno,Leckey,eleckeybc@a8.net,Emilee,Rhesus monkey
410,Erny,Argontt,eargonttbd@google.fr,Elicia,Squirrel smith's bush
411,Ashlee,Tregenza,jtregenzabe@hugedomains.com,Jonell,Legaan ground
412,Kaja,Ginnelly,hginnellybf@ihg.com,Herbert,Ocelot
413,Codi,Hearthfield,ghearthfieldbg@discovery.com,Guillemette,White-throated monitor
414,Roanne,Saylor,esaylorbh@vkontakte.ru,Etti,Asian false vampire bat
415,Charmine,Chataignier,lchataignierbi@baidu.com,Luise,Puna ibis
416,Bondon,Fairhead,tfairheadbj@tamu.edu,Tabitha,Hoary marmot
417,Donalt,Curtis,scurtisbk@behance.net,Schuyler,Fox arctic
418,Karoline,Colbridge,hcolbridgebl@usda.gov,Helene,Spider wolf
419,Parke,Lodovichi,mlodovichibm@exblog.jp,Merwyn,Blesbok
420,Virginia,Sherrott,asherrottbn@google.it,Aura,Elephant asian
421,Hanson,Bartalot,lbartalotbo@woothemes.com,Laina,Gull dusky
422,Arman,Dover,rdoverbp@pbs.org,Risa,Bobcat
423,Gonzales,Haggart,ehaggartbq@senate.gov,Elicia,Jaguar
424,Tim,Petris,ppetrisbr@macromedia.com,Pat,Vulture turkey
425,Chad,Francescuccio,ffrancescucciobs@trellian.com,Fayth,Yellow-billed hornbill
426,Harlie,Scroggs,sscroggsbt@ow.ly,Shelley,Plains zebra
427,Robinet,Haughey,vhaugheybu@abc.net.au,Vallie,Hartebeest coke's
428,Datha,Hattiff,vhattiffbv@google.it,Vernor,Screamer southern
429,Catlaina,Curnokk,ccurnokkbw@google.ca,Corrie,Llama
430,Rouvin,Worster,hworsterbx@shutterfly.com,Hasty,Hawk ferruginous
431,Loleta,Earengey,bearengeyby@marriott.com,Bron,Australian magpie
432,Ariel,McTeague,kmcteaguebz@craigslist.org,Karoly,Bee-eater carmine
433,Talia,Duignan,rduignanc0@flickr.com,Rania,Jackal indian
434,Lorri,Travers,ttraversc1@zdnet.com,Tabbi,Black-capped chickadee
435,Roley,Knowler,sknowlerc2@scientificamerican.com,Sheilakathryn,Lizard giant girdled
436,Kelley,Balle,bballec3@yelp.com,Baldwin,Crimson-breasted shrike
437,Viole,Rysdale,arysdalec4@artisteer.com,Alecia,Deer barasingha
438,Lucho,Kezar,hkezarc5@npr.org,Holmes,Cat jungle
439,Chadwick,Dipple,ldipplec6@marriott.com,Lorilee,Kingfisher pied
440,Mitchael,Fancutt,afancuttc7@buzzfeed.com,Alysa,Kite black
441,Ingaberg,Vigurs,lvigursc8@printfriendly.com,Lester,Koala
442,Odie,Tripet,btripetc9@clickbank.net,Bob,Black-backed jackal
443,Lynett,Demoge,hdemogeca@smh.com.au,Harry,Bat little brown
444,Kathleen,Kleinlerer,rkleinlerercb@nasa.gov,Ramsey,Salmon sockeye
445,Saunderson,Wines,twinescc@miibeian.gov.cn,Tristan,Crab sally lightfoot
446,Myles,Zouch,ezouchcd@huffingtonpost.com,Elly,Macaw blue and yellow
447,Cassondra,Joiner,djoinerce@desdev.cn,Davina,Radiated tortoise
448,Tabor,Kinson,dkinsoncf@wunderground.com,Dwayne,Fox asian red
449,Eve,Cotterel,bcotterelcg@hud.gov,Bobine,Tropical buckeye butterfly
450,Quentin,Holme,aholmech@umich.edu,Amanda,Wood pigeon
451,Shanna,Dunn,gdunnci@whitehouse.gov,Gratiana,Giant otter
452,Laurice,Murcutt,cmurcuttcj@ustream.tv,Chet,Otter giant
453,Perceval,Peltzer,fpeltzerck@netvibes.com,Fae,Lizard
454,Jacquelyn,Memmory,jmemmorycl@wisc.edu,Jacenta,Crab-eating fox
455,Kinnie,Kupper,skuppercm@macromedia.com,Scott,Skimmer four-spotted
456,Fabian,Kay,dkaycn@telegraph.co.uk,Duke,Heron giant
457,Flinn,Seres,cseresco@telegraph.co.uk,Corrine,Insect stick
458,Chevalier,Lujan,llujancp@surveymonkey.com,Lemar,Screamer crested
459,Katina,Hackett,whackettcq@howstuffworks.com,Willey,Lemur brown
460,Tiphany,Getley,hgetleycr@51.la,Hamnet,Tarantula
461,Andria,Cripps,tcrippscs@tinypic.com,Toby,Crab-eating fox
462,Salomi,Garrals,agarralsct@samsung.com,Aubine,Burmese black mountain tortoise
463,Mortie,Lindsell,hlindsellcu@dot.gov,Hadley,Coqui francolin
464,Nicolas,Richter,grichtercv@ovh.net,Gilligan,Ring-tailed possum
465,Justine,Dunniom,edunniomcw@comcast.net,Emmalynn,Egret snowy
466,Lissy,Jellico,djellicocx@cornell.edu,Diarmid,Boa emerald green tree
467,Port,Langstone,slangstonecy@barnesandnoble.com,Sheree,Brazilian tapir
468,Artus,McColgan,fmccolgancz@patch.com,Fransisco,Butterfly
469,Zachery,Philbin,mphilbind0@yahoo.com,Marianna,Indian star tortoise
470,Lorant,Shepcutt,cshepcuttd1@google.com.au,Charmion,Rhea gray
471,Nigel,Rawlings,rrawlingsd2@canalblog.com,Rickie,European shelduck
472,Clerkclaude,Poyzer,epoyzerd3@ucsd.edu,Ermanno,Jackal black-backed
473,Vally,Asch,aaschd4@nature.com,Anderea,Purple grenadier
474,Coop,Hand,ehandd5@who.int,Evita,Asian water dragon
475,Mandy,Greensmith,egreensmithd6@china.com.cn,Elset,Sun gazer
476,Marci,Bretelle,bbretelled7@sphinn.com,Benjy,Madagascar fruit bat
477,Ezekiel,Hebner,khebnerd8@hc360.com,Karine,Grey-footed squirrel
478,Lisa,Willingam,wwillingamd9@fda.gov,Willie,Bulbul african red-eyed
479,Matthias,Shaddock,ashaddockda@howstuffworks.com,Astra,King vulture
480,Florencia,Marciskewski,dmarciskewskidb@telegraph.co.uk,Daisy,Hornbill yellow-billed
481,Merle,Iskowicz,niskowiczdc@zdnet.com,Nolly,Rabbit eastern cottontail
482,Hamel,Baulk,dbaulkdd@comsenz.com,Diann,Phalarope northern
483,Sybila,Lewzey,blewzeyde@quantcast.com,Brendan,Screamer southern
484,Amandie,Hyndes,lhyndesdf@ted.com,Lonnard,Steenbuck
485,Chic,Ollerearnshaw,sollerearnshawdg@wufoo.com,Sloan,Avocet pied
486,Howie,Peyro,hpeyrodh@w3.org,Hyacinthia,Lesser flamingo
487,Blayne,O'Shiels,roshielsdi@nih.gov,Randie,White-mantled colobus
488,Sheena,Baumler,kbaumlerdj@reuters.com,Karia,Saddle-billed stork
489,Vasily,Boyde,wboydedk@youtu.be,Weidar,Hare arctic
490,Sela,Mahy,tmahydl@shop-pro.jp,Tamera,Cormorant flightless
491,Sylvia,Roughsedge,eroughsedgedm@macromedia.com,Esmaria,Dove little brown
492,Jayne,Chessun,jchessundn@theguardian.com,Joanne,Spur-winged goose
493,Gerhardine,Dearman,bdearmando@cafepress.com,Brendon,Blue racer
494,Sarene,Brunsden,bbrunsdendp@state.tx.us,Barbra,Glossy ibis
495,Fran,Mochar,omochardq@freewebs.com,Olly,Bleu blue-breasted cordon
496,Jerrilee,Canellas,rcanellasdr@apple.com,Rodolph,Collared lizard
497,Baillie,Comar,dcomards@tripod.com,Damara,Pelican brown
498,Rodolfo,Screwton,cscrewtondt@columbia.edu,Codi,Asian false vampire bat
499,Vaclav,Firminger,sfirmingerdu@seattletimes.com,Stormi,Kangaroo black-faced
500,Faye,Brayshaw,bbrayshawdv@nydailynews.com,Broddy,Flycatcher tyrant
501,Goldia,Moloney,omoloneydw@whitehouse.gov,Olympia,Bear sloth
502,Yelena,Challender,lchallenderdx@aol.com,Larry,Porcupine crested
503,Queenie,Eilhersen,leilhersendy@sun.com,Leoine,Ostrich
504,Edik,Tothacot,atothacotdz@house.gov,Annabal,Madagascar fruit bat
505,Francoise,Taill,ltaille0@furl.net,Livy,Falcon prairie
506,Kiel,Maggiore,smaggioree1@storify.com,Shandie,Boubou southern
507,Craggy,Ellson,mellsone2@eepurl.com,Mathilda,Kingfisher malachite
508,Emlyn,Meininger,lmeiningere3@alexa.com,Lida,Dragon western bearded
509,Agace,Kiera,akierae4@google.com.br,Ardis,Wallaby river
510,Kinsley,Attwill,fattwille5@alibaba.com,Farah,Stork european
511,Menard,Wilderspoon,wwilderspoone6@constantcontact.com,Wyatan,Ground legaan
512,Irwinn,Golsworthy,agolsworthye7@paginegialle.it,Amory,European red squirrel
513,Philip,Phillput,iphillpute8@amazon.de,Isis,Greater blue-eared starling
514,Eric,Trouel,ptrouele9@jalbum.net,Paige,California sea lion
515,Natalie,Mariyushkin,imariyushkinea@nydailynews.com,Iggie,Sockeye salmon
516,Morna,Rumgay,mrumgayeb@live.com,Malissia,Hummingbird
517,Dmitri,Peacop,cpeacopec@gov.uk,Chet,Turaco violet-crested
518,Gabi,Bentham,mbenthamed@e-recht24.de,Margie,Sloth hoffman's
519,Brice,Kingsnoad,jkingsnoadee@house.gov,Josiah,Cormorant javanese
520,Simmonds,Lambe,rlambeef@goo.ne.jp,Ramonda,Mouflon
521,Kellen,Mapston,amapstoneg@ox.ac.uk,Addi,Knob-nosed goose
522,Kalle,Cordeau,pcordeaueh@furl.net,Petronilla,Vulture oriental white-backed
523,Granny,Grigoriscu,ggrigoriscuei@earthlink.net,Giavani,American marten
524,Nev,Whitley,zwhitleyej@i2i.jp,Zaria,Kookaburra laughing
525,Silvano,Dillaway,ldillawayek@privacy.gov.au,Lezley,Royal tern
526,Kimball,Domerc,idomercel@statcounter.com,Ivonne,Indian peacock
527,Devonna,Crisall,ncrisallem@yahoo.com,Nike,Grenadier common
528,Anna-diane,Bitcheno,rbitchenoen@marriott.com,Rebe,Bat asian false vampire
529,Bart,Aherne,baherneeo@tinyurl.com,Benedetta,Koala
530,Denis,Ainsworth,eainsworthep@alibaba.com,Easter,Spider wolf
531,Sydney,McGettigan,bmcgettiganeq@chron.com,Boy,Greater flamingo
532,Tabor,Vassie,vvassieer@tumblr.com,Von,Eurasian badger
533,Miles,Britian,jbritianes@vistaprint.com,Johnna,Lizard giant girdled
534,Jackquelin,Kopisch,lkopischet@china.com.cn,Libbie,Stork greater adjutant
535,Wally,Valde,tvaldeeu@blogger.com,Tamas,Phalarope red-necked
536,Camey,Rhydderch,crhydderchev@imdb.com,Chanda,Blackbuck
537,Thebault,Readie,preadieew@amazon.co.uk,Powell,Cat european wild
538,Eugenie,Micah,fmicahex@de.vu,Frieda,Golden brush-tailed possum
539,Arley,Seabon,oseaboney@google.com.hk,Olivero,Common wallaroo
540,Mozes,Breckon,abreckonez@imdb.com,Al,Mexican wolf
541,Coleman,Muino,rmuinof0@timesonline.co.uk,Rebeca,Black-cheeked waxbill
542,Thayne,Dunnet,edunnetf1@slate.com,Erik,Hyena brown
543,Caril,Habershon,dhabershonf2@reuters.com,Dalenna,Deer black-tailed
544,Keefe,Baggarley,dbaggarleyf3@wiley.com,Dan,Curve-billed thrasher
545,Kaiser,Shutler,rshutlerf4@adobe.com,Rozalie,Black-tailed tree creeper
546,Charisse,Gotmann,mgotmannf5@noaa.gov,Madelin,Indian tree pie
547,Gearalt,McLucky,omcluckyf6@usda.gov,Ofella,Deer swamp
548,Shadow,Towner,gtownerf7@gravatar.com,Gilly,Eagle tawny
549,Stephani,Ladon,sladonf8@ucla.edu,Sutton,Bird bare-faced go away
550,Marcy,Eltone,veltonef9@shop-pro.jp,Vin,Rabbit eastern cottontail
551,Harwilll,O'Hannay,gohannayfa@intel.com,Griz,Onager
552,Vivian,Bransden,pbransdenfb@senate.gov,Paton,Sockeye salmon
553,Demetri,Sawrey,rsawreyfc@guardian.co.uk,Roseann,Miner's cat
554,Hermione,Eicke,meickefd@mediafire.com,Maryjo,Yellow-brown sungazer
555,Juan,Goble,tgoblefe@meetup.com,Taite,Steenbok
556,Philipa,Spedroni,fspedroniff@sun.com,Frederico,Australian pelican
557,Jayme,Stammirs,lstammirsfg@linkedin.com,Lia,American Virginia opossum
558,Ailbert,Wondraschek,awondraschekfh@sourceforge.net,Arnie,Golden-mantled ground squirrel
559,Kelsi,Gethin,cgethinfi@ovh.net,Candida,Egyptian goose
560,Stefania,Droghan,edroghanfj@squidoo.com,Elisabetta,Silver gull
561,Yevette,Shannahan,bshannahanfk@nps.gov,Brynn,Crane sandhill
562,Davy,Simioli,dsimiolifl@squarespace.com,Damon,Blackish oystercatcher
563,Athene,Ladel,mladelfm@mit.edu,Mano,Arctic ground squirrel
564,Archy,Brydell,vbrydellfn@baidu.com,Valina,Cormorant great
565,Bastien,Comrie,wcomriefo@ted.com,Win,Ibex
566,Leisha,Forte,jfortefp@oaic.gov.au,Julee,White-tailed deer
567,Amalita,Caughey,bcaugheyfq@smugmug.com,Bogart,Alligator american
568,Neville,Swiggs,cswiggsfr@foxnews.com,Consuela,Two-banded monitor
569,Theo,Yellep,dyellepfs@mtv.com,Dulcine,Owl burrowing
570,Jocelyne,Scoines,dscoinesft@usa.gov,Dannel,Elegant crested tinamou
571,Dominga,Clavey,sclaveyfu@printfriendly.com,Solomon,North American river otter
572,Heddi,Tickner,mticknerfv@xrea.com,Magnum,Dove white-winged
573,Valaria,Ruxton,nruxtonfw@java.com,Natka,Trumpeter swan
574,Alan,Eddleston,oeddlestonfx@360.cn,Ole,Masked booby
575,Kerr,Bugbee,abugbeefy@jiathis.com,Atlante,Lemur sportive
576,Floyd,Garric,rgarricfz@about.me,Read,Raccoon crab-eating
577,Gonzales,Lacoste,elacosteg0@list-manage.com,Eulalie,Pale-throated three-toed sloth
578,Whitman,Lorrie,rlorrieg1@utexas.edu,Reta,Flying fox
579,Georgie,Santostefano.,jsantostefanog2@pen.io,Joyous,Kangaroo western grey
580,Joy,Tejero,rtejerog3@nydailynews.com,Rabbi,Cockatoo red-breasted
581,Menard,Troughton,ftroughtong4@google.com.br,Faustina,American woodcock
582,Oona,Dot,tdotg5@printfriendly.com,Tomaso,Brown hyena
583,Kelli,Lapere,mlapereg6@examiner.com,Mickie,Rock dove
584,Roanne,Eayrs,jeayrsg7@sphinn.com,Josephina,Phalarope red
585,Josh,Wasson,dwassong8@amazon.com,Dulce,Amazon parrot
586,Bear,Papa,spapag9@toplist.cz,Salaidh,Elephant asian
587,Livvyy,Massow,hmassowga@state.tx.us,Hubie,Northern elephant seal
588,Cass,Stygall,cstygallgb@cdc.gov,Colene,Kangaroo black-faced
589,Alfie,Brownlie,ebrownliegc@marriott.com,Emmeline,African lion
590,Tuck,Harcourt,lharcourtgd@princeton.edu,Larina,Burmese brown mountain tortoise
591,Milzie,Lax,mlaxge@state.gov,Mauricio,African black crake
592,Latisha,Gogie,dgogiegf@vkontakte.ru,Dorice,Flicker campo
593,Ollie,Ilive,hilivegg@ezinearticles.com,Harmonia,Campo flicker
594,Sherri,Sheach,fsheachgh@histats.com,Florie,Whale southern right
595,Ravid,Gerrens,pgerrensgi@ameblo.jp,Paulo,Steenbok
596,Mohandas,Bruckental,rbruckentalgj@hugedomains.com,Renault,Chestnut weaver
597,Sawyere,Benne,mbennegk@goo.gl,Marybelle,Savanna baboon
598,Sybyl,Tubby,stubbygl@nydailynews.com,Sylvester,Hummingbird
599,Rosabella,Noquet,mnoquetgm@seattletimes.com,Magnum,Squirrel richardson's ground
600,Lorettalorna,Hulburd,chulburdgn@vinaora.com,Christoforo,Gull pacific
601,Calhoun,Moulsdale,amoulsdalego@soup.io,Annis,Little brown bat
602,Chrysler,Lambert,wlambertgp@thetimes.co.uk,Willy,Dark-winged trumpeter
603,Son,Bene,rbenegq@cargocollective.com,Robby,South American puma
604,Jenica,Gianolini,tgianolinigr@nytimes.com,Tamqrah,Lizard
605,Eleen,Garrie,vgarriegs@github.io,Vassily,Goose canada
606,Reilly,Pembery,gpemberygt@joomla.org,Goraud,Owl great horned
607,Corri,Kemmish,bkemmishgu@opensource.org,Brietta,Grey-footed squirrel
608,Caren,Tschiersch,gtschierschgv@ca.gov,Gwenni,Pig-tailed macaque
609,Grissel,Roizn,mroizngw@cdc.gov,Margarette,Colobus white-mantled
610,Gracie,Allsopp,sallsoppgx@artisteer.com,Shannan,Crake african black
611,Norby,Crab,dcrabgy@sun.com,Dell,Squirrel eurasian red
612,Mendie,Ferandez,rferandezgz@ezinearticles.com,Ramsey,Rhinoceros white
613,Nelson,Doran,hdoranh0@1und1.de,Hillie,Buffalo african
614,Tarra,Kilborn,gkilbornh1@topsy.com,Gran,Osprey
615,Warde,Falconbridge,dfalconbridgeh2@reverbnation.com,Dori,Black-crowned night heron
616,Baily,Badrick,gbadrickh3@multiply.com,Grannie,Mountain duck
617,Hart,Wildblood,vwildbloodh4@apple.com,Vince,Cape clawless otter
618,Ofilia,Leifer,dleiferh5@woothemes.com,Denise,Pie rufous tree
619,Curt,Grund,egrundh6@wordpress.org,Emmye,Bee-eater
620,Vickie,Peacop,gpeacoph7@toplist.cz,Gusti,White-browed sparrow weaver
621,Sybila,Breslin,gbreslinh8@storify.com,Gunilla,Wildebeest blue
622,Bancroft,McCrone,hmccroneh9@state.tx.us,Hilde,Dragon frilled
623,Marney,Grange,lgrangeha@cbslocal.com,Lalo,Northern elephant seal
624,Essie,Farnfield,gfarnfieldhb@squidoo.com,Glen,Stork greater adjutant
625,Rhett,Rantoul,grantoulhc@google.com,Gawain,Ring dove
626,Sheba,Davidman,ldavidmanhd@fema.gov,Leonora,Yellow-billed hornbill
627,Pieter,Chazotte,bchazottehe@google.it,Bart,Oriental white-backed vulture
628,Kelci,Imlach,kimlachhf@pen.io,Karol,Spotted hyena
629,Thurston,Reyne,jreynehg@nps.gov,Janenna,Genet common
630,Kamilah,Ferrey,rferreyhh@addthis.com,Ransell,Francolin swainson's
631,Jedediah,Hebbs,dhebbshi@xing.com,Druci,Chimpanzee
632,Gianna,McMorran,smcmorranhj@abc.net.au,Sisely,Clark's nutcracker
633,Falito,Fake,mfakehk@virginia.edu,Merill,Pie rufous tree
634,Cloe,Gradly,lgradlyhl@ca.gov,Laina,Antelope four-horned
635,Neille,Cheeney,rcheeneyhm@bbb.org,Roldan,Common brushtail possum
636,Caty,Need,jneedhn@microsoft.com,Joella,Gull pacific
637,Yasmeen,Arni,larniho@tumblr.com,Logan,Field flicker
638,Domenic,Maudlin,ymaudlinhp@techcrunch.com,Yancy,Black-capped chickadee
639,Sophi,Winfindine,awinfindinehq@biblegateway.com,Alena,Red hartebeest
640,Nathanil,Orton,hortonhr@facebook.com,Helene,Lark horned
641,Giacinta,Hampson,phampsonhs@goo.ne.jp,Pierette,Asian water dragon
642,Dyanna,Filipputti,tfilipputtiht@ovh.net,Tiphanie,Yellow-necked spurfowl
643,Emmalynne,Stockall,estockallhu@princeton.edu,Elvis,Tortoise indian star
644,Arly,Budgeon,cbudgeonhv@slideshare.net,Conrad,African skink
645,Darby,Fant,mfanthw@moonfruit.com,Milton,Black vulture
646,Tamas,Wemm,pwemmhx@state.gov,Pet,Dog african wild
647,Benoit,Damp,gdamphy@cbslocal.com,Georgeta,Eagle african fish
648,Gilly,Emons,kemonshz@furl.net,Koralle,Toddy cat
649,Aylmer,Gidney,mgidneyi0@reddit.com,Moises,Lorikeet scaly-breasted
650,Elfreda,Cowl,ecowli1@independent.co.uk,Eleonore,Goose spur-winged
651,Lindsey,Beaston,mbeastoni2@ask.com,Marty,Red-breasted nuthatch
652,Vivianne,Sallter,bsallteri3@intel.com,Bliss,White-eye pale
653,Veronike,Logsdail,flogsdaili4@elegantthemes.com,Fara,Crab red lava
654,Janelle,Phlippsen,dphlippseni5@bbc.co.uk,Daniela,Stanley crane
655,Baillie,Dobbings,bdobbingsi6@t.co,Bernetta,Trotter lily
656,Carmelle,Girodier,egirodieri7@zdnet.com,Ebonee,Striped dolphin
657,Yuri,Locker,jlockeri8@scientificamerican.com,Joshuah,Skink african
658,Marja,Scotchforth,tscotchforthi9@facebook.com,Trenton,Starling red-shouldered glossy
659,Zebedee,Schoular,aschoularia@washington.edu,Archaimbaud,Marmot yellow-bellied
660,Ranique,Blasdale,bblasdaleib@youtu.be,Babbie,Porcupine african
661,Gayle,Ramiro,dramiroic@discovery.com,Daile,Roller lilac-breasted
662,Levey,Humphris,xhumphrisid@soundcloud.com,Xavier,Owl madagascar hawk
663,Brendin,Garlee,kgarleeie@squidoo.com,Kipp,Common turkey
664,Benedicta,Winchcombe,gwinchcombeif@ow.ly,Grove,Groundhog
665,Almeria,Dawdary,jdawdaryig@huffingtonpost.com,Jerrie,Ibis sacred
666,Granville,O'Keeffe,dokeeffeih@creativecommons.org,Davidson,Mouse four-striped grass
667,Kenneth,Codi,vcodiii@economist.com,Vikky,Common zorro
668,Matthiew,Trevena,mtrevenaij@csmonitor.com,Monty,Ox musk
669,Minnaminnie,Eaves,jeavesik@vinaora.com,Jerrold,Indian tree pie
670,Wilma,Fillimore,yfillimoreil@msu.edu,Yolane,Western pygmy possum
671,Russ,Dumke,mdumkeim@mac.com,Margaretta,Sheathbill snowy
672,Rakel,Sone,msonein@army.mil,Montague,Heron green-backed
673,Lyndell,Erskine Sandys,lerskinesandysio@omniture.com,Lalo,Puma south american
674,Ellary,Karpets,lkarpetsip@flavors.me,Lina,Snowy sheathbill
675,Crysta,Whyler,jwhyleriq@prlog.org,Jonas,Giraffe
676,Kahlil,Wildish,twildishir@ox.ac.uk,Tim,Nilgai
677,Rea,Swales,pswalesis@thetimes.co.uk,Padraic,Woolly-necked stork
678,Shaylynn,Songust,jsongustit@sohu.com,Jacquelin,Leopard
679,Bryn,Dagon,ddagoniu@trellian.com,Dulcy,Thrasher curve-billed
680,Phylis,Minihan,tminihaniv@google.de,Teodoro,African fish eagle
681,Clem,Haith,dhaithiw@bloglines.com,Drusie,Asian water dragon
682,Mariejeanne,Millson,hmillsonix@yolasite.com,Hermon,Vulture oriental white-backed
683,Lesley,Bette,sbetteiy@desdev.cn,Shermie,Western bearded dragon
684,Sharia,Izzatt,gizzattiz@nymag.com,Gabi,North American porcupine
685,Bebe,Filipowicz,kfilipowiczj0@webeden.co.uk,Karolina,Macaw red and blue
686,Theressa,Cummins,mcumminsj1@360.cn,Mavra,Red-necked phalarope
687,Guinna,Caruth,zcaruthj2@wp.com,Zandra,Eastern diamondback rattlesnake
688,Annaliese,Wabey,ewabeyj3@alibaba.com,Enid,Nile crocodile
689,Raquel,Lanceter,olanceterj4@opera.com,Orelle,Lilac-breasted roller
690,Leanor,Newham,jnewhamj5@uiuc.edu,Jamie,Arctic tern
691,Levin,Sneezum,nsneezumj6@loc.gov,Nikolaos,Coatimundi white-nosed
692,Anabel,Lawie,ylawiej7@booking.com,Yoshi,Eagle white-bellied sea
693,Lyndy,Davidsson,mdavidssonj8@jiathis.com,Marta,Roller lilac-breasted
694,Tandy,Grierson,kgriersonj9@51.la,Kaylyn,Yellow-headed caracara
695,Hedda,Kaes,mkaesja@toplist.cz,Mair,Vulture griffon
696,Gert,Saffell,asaffelljb@freewebs.com,Ameline,Bonnet macaque
697,Rochester,Guerriero,cguerrierojc@friendfeed.com,Candy,Gnu brindled
698,Nye,Pury,opuryjd@nature.com,Olivero,Starling greater blue-eared
699,Susanetta,Telford,ntelfordje@cbsnews.com,Nickolas,Huron
700,Joelle,Marcu,smarcujf@rediff.com,Stephanie,Goose snow
701,Row,Crosier,ccrosierjg@i2i.jp,Cassi,Gray duiker
702,Chet,Norcliffe,enorcliffejh@gnu.org,Edward,Boar wild
703,Nelson,Rowsell,krowsellji@blinklist.com,Kelsey,Wood pigeon
704,Merrilee,Birckmann,kbirckmannjj@skype.com,Kristoffer,Rattlesnake horned
705,Cass,Monroe,dmonroejk@networksolutions.com,Dniren,Phalarope grey
706,Cherise,Brixey,lbrixeyjl@uol.com.br,Letti,Asian false vampire bat
707,Fiorenze,Gentery,mgenteryjm@skyrock.com,Maryanne,Pied cormorant
708,Ettore,Aire,bairejn@aboutads.info,Binnie,Iguana marine
709,Ad,Ickowics,cickowicsjo@vistaprint.com,Charles,Cuis
710,Boothe,Bradtke,rbradtkejp@cbsnews.com,Rhoda,Swallow-tail gull
711,Bartolomeo,Beccero,lbeccerojq@narod.ru,Latia,Red and blue macaw
712,Meg,Patriskson,bpatrisksonjr@twitpic.com,Barthel,Pied butcher bird
713,Matt,Fishley,cfishleyjs@apple.com,Colline,Falcon prairie
714,Wells,Strood,astroodjt@redcross.org,Ashley,Huron
715,Deni,Gaylor,mgaylorju@fda.gov,Mab,Olive baboon
716,Kira,Fairhurst,cfairhurstjv@economist.com,Cecilio,Badger european
717,Chrysa,Pottes,spottesjw@ca.gov,Sheree,Cat african wild
718,Kort,Lynde,mlyndejx@uiuc.edu,Manny,Waxbill violet-eared
719,Conn,Langthorne,mlangthornejy@people.com.cn,Mareah,Northern phalarope
720,Persis,Newton,dnewtonjz@rediff.com,Doti,Flamingo roseat
721,Gaelan,Harroway,rharrowayk0@yahoo.com,Rita,Hottentot teal
722,Killian,Jozefiak,njozefiakk1@eepurl.com,Nadeen,Spoonbill white
723,Jared,Winley,wwinleyk2@timesonline.co.uk,Whitney,Seal common
724,Sosanna,Grisley,fgrisleyk3@angelfire.com,Foster,Armadillo nine-banded
725,Kincaid,Mounch,bmounchk4@cnet.com,Brendan,Black kite
726,Verne,MacGillespie,amacgillespiek5@cdc.gov,Alisha,Heron black-crowned night
727,Winfred,Hatchell,dhatchellk6@usgs.gov,Dyann,Lapwing southern
728,Dalia,Mitskevich,mmitskevichk7@youku.com,Maible,Magistrate black colobus
729,Nigel,Bridges,sbridgesk8@mayoclinic.com,Skyler,Black-crowned crane
730,Leslie,Simonel,msimonelk9@privacy.gov.au,Modesta,Carpet python
731,Ram,Davidovici,kdavidovicika@berkeley.edu,Katleen,Goose snow
732,Baxie,Rosterne,irosternekb@china.com.cn,Isaac,Ground legaan
733,Candi,Demangel,ldemangelkc@elegantthemes.com,Leese,Squirrel grey-footed
734,Raffarty,Itscowicz,titscowiczkd@google.fr,Tallulah,Great egret
735,Nikola,MacConchie,emacconchieke@phoca.cz,Eduard,Waterbuck common
736,Essa,Buchett,rbuchettkf@blogtalkradio.com,Rex,Red phalarope
737,Carl,Morad,smoradkg@blogtalkradio.com,Sullivan,Bulbul african red-eyed
738,Lind,Rodriguez,trodriguezkh@parallels.com,Teri,Common nighthawk
739,Robinson,Kerner,pkernerki@miibeian.gov.cn,Port,Lemur ring-tailed
740,Holden,Upton,auptonkj@intel.com,Albert,Turaco violet-crested
741,Eddi,Fisbey,vfisbeykk@timesonline.co.uk,Valery,Heron goliath
742,Paxton,Paffot,spaffotkl@hatena.ne.jp,Siana,Tawny frogmouth
743,Raychel,Kobel,kkobelkm@sciencedaily.com,Kristofor,Southern right whale
744,Brittan,Meacher,imeacherkn@last.fm,Ingrim,Peregrine falcon
745,Sophey,Eayrs,feayrsko@jimdo.com,Felice,Coqui francolin
746,Hazel,Saltsberg,wsaltsbergkp@ox.ac.uk,Ward,Giant armadillo
747,Geri,McKane,kmckanekq@wsj.com,Kissie,Aardwolf
748,Shayne,Gypson,cgypsonkr@dedecms.com,Correy,Komodo dragon
749,Bambie,Eakeley,seakeleyks@slate.com,Suzanne,Salmon pink bird eater tarantula
750,Mercedes,Figgen,hfiggenkt@com.com,Hildegaard,Tapir brazilian
751,Lucita,Wavell,mwavellku@vinaora.com,Myron,Goose knob-nosed
752,Fleming,Dannehl,bdannehlkv@mit.edu,Blanca,Wild turkey
753,Marchelle,Raisbeck,araisbeckkw@chronoengine.com,Alejandra,Sea birds
754,Alia,Breinl,abreinlkx@unc.edu,Abigael,Rattlesnake dusky
755,Tyson,Cockren,mcockrenky@dropbox.com,Mattias,Salmon sockeye
756,Michaelina,Piatkowski,zpiatkowskikz@gnu.org,Zena,Wallaby bennett's
757,Vanya,Bleazard,vbleazardl0@elegantthemes.com,Vikki,Mongoose small indian
758,Merle,McMonnies,dmcmonniesl1@mediafire.com,Dolores,Capuchin weeper
759,Marcos,Redmire,sredmirel2@meetup.com,Sigrid,Jaeger long-tailed
760,Giustino,Guerreiro,cguerreirol3@washingtonpost.com,Carley,Dragon komodo
761,Kliment,Wyon,cwyonl4@clickbank.net,Ciel,Guanaco
762,Francois,Mulbry,cmulbryl5@xinhuanet.com,Chad,Cockatoo roseate
763,Addi,Heddan,cheddanl6@goo.gl,Craggy,Baboon chacma
764,Faustina,Treleaven,atreleavenl7@mapquest.com,Alfie,Cape clawless otter
765,Catlin,Musslewhite,qmusslewhitel8@cloudflare.com,Quillan,Barking gecko
766,Sigismondo,Bramwich,hbramwichl9@smh.com.au,Hermine,Otter oriental short-clawed
767,Marianne,Deignan,ldeignanla@mail.ru,Leeanne,Saddle-billed stork
768,Beatrix,Feasby,bfeasbylb@spiegel.de,Berk,Grenadier common
769,Margaretha,Mathivat,kmathivatlc@theglobeandmail.com,Karita,Curve-billed thrasher
770,Hubie,Danniell,wdanniellld@ucoz.ru,Whitby,Greater kudu
771,Budd,Dagwell,wdagwellle@jimdo.com,Wendy,Crow house
772,Janey,Brewitt,dbrewittlf@altervista.org,Daryl,Grey-footed squirrel
773,Skelly,Roscher,sroscherlg@icio.us,Scotti,Downy woodpecker
774,Clemmy,Weinham,sweinhamlh@umich.edu,Steward,Skimmer four-spotted
775,Anastasia,Hazael,ehazaelli@blinklist.com,Emmaline,Javanese cormorant
776,Athena,Van Driel,dvandriellj@sogou.com,Dael,Elephant asian
777,Jodi,Whartonby,hwhartonbylk@opera.com,Hyatt,Sheep american bighorn
778,Christal,Panons,hpanonsll@lulu.com,Holly-anne,Gull herring
779,Gasparo,Jennaroy,vjennaroylm@cdc.gov,Verna,Columbian rainbow boa
780,Ericha,Hissie,phissieln@uol.com.br,Phillida,Crane brolga
781,Candi,Sansom,dsansomlo@e-recht24.de,Darryl,White-necked stork
782,Lissi,Peplow,vpeplowlp@hp.com,Vikki,Baboon savanna
783,Anne-marie,Whall,swhalllq@w3.org,Sybilla,Goat mountain
784,Ethelred,Birkby,dbirkbylr@seesaa.net,Daphene,Barbet black-collared
785,Wiatt,Sappson,jsappsonls@ucsd.edu,Jehu,Black vulture
786,Stephi,Gitting,jgittinglt@dailymotion.com,Joellyn,Pie rufous tree
787,Breanne,Connikie,mconnikielu@irs.gov,Miof mela,Dog african wild
788,Fredra,Etherington,aetheringtonlv@yellowpages.com,Archibald,Oribi
789,Reagen,Leighfield,lleighfieldlw@cnn.com,Lucretia,Ibis sacred
790,Blondy,Stansby,wstansbylx@washingtonpost.com,Witty,Antelope ground squirrel
791,Bourke,Erley,kerleyly@macromedia.com,Keven,Gull pacific
792,Susi,Patience,rpatiencelz@t-online.de,Ronald,Hyena spotted
793,Barbie,Tweddell,stweddellm0@indiatimes.com,Shane,Greater adjutant stork
794,Jessey,Treadgear,ctreadgearm1@mtv.com,Celestia,Giant armadillo
795,Callie,Souch,fsouchm2@booking.com,Fritz,Egyptian vulture
796,Allix,Negal,fnegalm3@dropbox.com,Frederico,Blesbok
797,Waylan,Castellucci,bcastelluccim4@paginegialle.it,Bernetta,Screamer crested
798,Marv,Madsen,zmadsenm5@mail.ru,Zia,Cat tiger
799,Riordan,Pocklington,bpocklingtonm6@amazon.co.jp,Biddie,Hottentot teal
800,Nowell,McClancy,smcclancym7@phoca.cz,Sayre,Nighthawk common
801,Ainsley,Brognot,sbrognotm8@com.com,Shandie,Steller's sea lion
802,Caitrin,Liveley,tliveleym9@taobao.com,Teirtza,African red-eyed bulbul
803,Bryon,Vercruysse,cvercruyssema@miitbeian.gov.cn,Coriss,Bird secretary
804,Olympe,Oxburgh,boxburghmb@exblog.jp,Bridget,Godwit hudsonian
805,Marylynne,Dabnot,ldabnotmc@indiegogo.com,Lazar,Scottish highland cow
806,Olivier,Hampson,khampsonmd@163.com,Kelbee,Carpet snake
807,Jess,Corradini,kcorradinime@gov.uk,Kara,Chipmunk least
808,Devina,Mulvy,jmulvymf@dmoz.org,Jory,Magistrate black colobus
809,Briano,Hedger,ihedgermg@nba.com,Isaiah,Snow goose
810,Vicky,Hallet,dhalletmh@nationalgeographic.com,Devon,Feral rock pigeon
811,Alf,Mitchelmore,cmitchelmoremi@businessweek.com,Carmelia,Javan gold-spotted mongoose
812,Griffin,Hasted,ghastedmj@flavors.me,Gonzales,Plover three-banded
813,Renault,Bresner,cbresnermk@jalbum.net,Cherye,Egret snowy
814,Min,Pinner,hpinnerml@fema.gov,Hussein,Asian elephant
815,Chalmers,Yukhin,dyukhinmm@howstuffworks.com,Deanna,Trumpeter dark-winged
816,Jacquetta,Blackwood,ablackwoodmn@harvard.edu,Austen,Wambenger red-tailed
817,Michelle,Macias,rmaciasmo@mail.ru,Regan,Ringtail common
818,Brandyn,Buckeridge,lbuckeridgemp@t.co,Lilly,Admiral indian red
819,Annabel,Bengtson,lbengtsonmq@google.com.au,La verne,Azara's zorro
820,Rafferty,Aldham,xaldhammr@ustream.tv,Xerxes,Dragon western bearded
821,Jere,Brenard,jbrenardms@theglobeandmail.com,Janis,Fox bat-eared
822,Henri,Atty,jattymt@naver.com,Judon,Salmon sockeye
823,Juliette,Battelle,cbattellemu@exblog.jp,Con,Cormorant king
824,Desiree,Roch,drochmv@123-reg.co.uk,Duke,Malachite kingfisher
825,Elyn,Skyrme,mskyrmemw@eepurl.com,Maudie,Greater roadrunner
826,Julita,Borrows,nborrowsmx@etsy.com,Nadine,Yellow-throated sandgrouse
827,Natalie,Prandoni,oprandonimy@pinterest.com,Orren,Blackish oystercatcher
828,Buck,Doberer,vdoberermz@ezinearticles.com,Veradis,Camel dromedary
829,Gustave,De Ferrari,ldeferrarin0@barnesandnoble.com,Lonnie,Python
830,Della,Tomaini,atomainin1@hc360.com,Antoinette,Baboon olive
831,Adriano,Patters,spattersn2@webeden.co.uk,Sara,Azara's zorro
832,Binny,Chelsom,hchelsomn3@hc360.com,Horatio,White stork
833,Sheridan,Cuseick,tcuseickn4@go.com,Terry,Lion australian sea
834,Mar,Keady,wkeadyn5@livejournal.com,Willem,Hyena spotted
835,Alysia,Gravell,sgravelln6@google.com.au,Shana,Green-winged macaw
836,Ketti,Trevino,rtrevinon7@nymag.com,Rhoda,Malay squirrel
837,Burke,Mabley,mmableyn8@twitter.com,Menard,Flamingo lesser
838,Juanita,Gascard,fgascardn9@pbs.org,Florance,Sea birds
839,Kanya,Lentsch,blentschna@newsvine.com,Boigie,Wild turkey
840,Hollis,Tomsett,stomsettnb@npr.org,Silvana,Weaver chestnut
841,Leroi,Saddler,ksaddlernc@digg.com,Kessia,Vulture egyptian
842,Dietrich,Josipovitz,gjosipovitznd@tripod.com,Georgiana,Drongo fork-tailed
843,Aldwin,Olekhov,colekhovne@nymag.com,Christian,Northern fur seal
844,Valentina,Chalder,schaldernf@dmoz.org,Sybille,Pintail bahama
845,Allx,Gerard,ngerardng@yale.edu,Nickola,Eurasian red squirrel
846,Leelah,Seakes,mseakesnh@msn.com,Morrie,Tayra
847,Jenifer,Turfin,rturfinni@wisc.edu,Rustin,Silver-backed jackal
848,Harland,Crofts,ccroftsnj@google.co.jp,Correna,Woodrat
849,Bobbee,Button,rbuttonnk@feedburner.com,Rafi,Barbet black-collared
850,Bess,Torr,jtorrnl@nydailynews.com,Jemimah,Hummingbird
851,Kristi,Cunniff,mcunniffnm@patch.com,Mirabelle,Azara's zorro
852,Felicle,Darwood,tdarwoodnn@admin.ch,Tomasine,Mongoose banded
853,Robby,Keyme,lkeymeno@gnu.org,Lucais,Bare-faced go away bird
854,Madel,Percival,gpercivalnp@webmd.com,Gerianne,Long-tailed jaeger
855,Petrina,Maciejewski,smaciejewskinq@guardian.co.uk,Silvana,Kangaroo black-faced
856,Janie,Sancho,rsanchonr@ning.com,Regina,Dark-winged trumpeter
857,Antonius,Gambell,pgambellns@google.com,Patrizia,Red hartebeest
858,Sam,Varden,svardennt@github.com,Susanna,Brown and yellow marshbird
859,Danell,Kevis,lkevisnu@skyrock.com,Lettie,Red-winged hawk
860,Arabelle,Renny,mrennynv@symantec.com,Matthaeus,South African hedgehog
861,Belia,Chesher,acheshernw@sina.com.cn,Arabelle,Hoary marmot
862,Sholom,Freddi,kfreddinx@a8.net,Kendra,Mule deer
863,Garvy,Cortez,ccortezny@eventbrite.com,Cathrin,Blacksmith plover
864,Ofelia,Gerard,mgerardnz@people.com.cn,Marybeth,Blue-faced booby
865,Chuck,Densham,cdenshamo0@columbia.edu,Conny,Red-breasted cockatoo
866,Greg,Pache,tpacheo1@homestead.com,Trent,Owl burrowing
867,Flora,Tokley,ptokleyo2@mac.com,Pat,Hen sage
868,Findley,Barnsley,jbarnsleyo3@ning.com,Jeremie,Water moccasin
869,Hunfredo,Lyokhin,slyokhino4@tmall.com,Swen,Fox arctic
870,Sylvester,Cereceres,fcerecereso5@nba.com,Fidelia,Kangaroo black-faced
871,Nicolai,Paull,opaullo6@sbwire.com,Onfroi,Siskin yellow-rumped
872,Analise,Giordano,agiordanoo7@moonfruit.com,Ariel,Common rhea
873,Avril,Alger,calgero8@themeforest.net,Cyril,Frilled dragon
874,Sileas,Ineson,ninesono9@berkeley.edu,Nikolaus,Heron grey
875,Rene,Cammidge,jcammidgeoa@ustream.tv,Jeffie,Siskin pine
876,Claudie,Willgoss,lwillgossob@weibo.com,Lorilee,Beaver american
877,Spencer,Gulvin,egulvinoc@craigslist.org,Eduardo,Bustard stanley
878,Maurita,Fibbitts,dfibbittsod@reference.com,Delores,Porcupine north american
879,Rogers,Carnie,mcarnieoe@google.com,Marchall,Pheasant ring-necked
880,Ugo,Tacon,ataconof@vimeo.com,Alexine,Eagle bald
881,Adah,Haensel,lhaenselog@ox.ac.uk,Lyndy,Tiger
882,Tanya,Melluish,smelluishoh@posterous.com,Slade,Dog african wild
883,Zondra,Franzetti,afranzettioi@usatoday.com,Arnold,Sandgrouse yellow-throated
884,Delaney,Brockett,obrockettoj@sphinn.com,Oliy,Vulture oriental white-backed
885,Ximenez,Lockner,klocknerok@independent.co.uk,Kendall,Otter cape clawless
886,Cathrine,Sexti,dsextiol@reference.com,Darby,Cape clawless otter
887,Adelaide,Duffrie,lduffrieom@dion.ne.jp,Loria,Shrike common boubou
888,Pail,Borer,tboreron@wiley.com,Thebault,Sloth two-toed
889,Fawnia,Upton,suptonoo@theguardian.com,Shawn,Cockatoo long-billed
890,Brooks,Shrigley,ashrigleyop@macromedia.com,Audry,North American beaver
891,Deedee,Josefsen,djosefsenoq@usda.gov,Des,Goose snow
892,Idalia,Showalter,fshowalteror@dyndns.org,Freeland,Tinamou elegant crested
893,Harwilll,Burrows,jburrowsos@51.la,Jermaine,Japanese macaque
894,Andriana,McClune,fmccluneot@xing.com,Feodor,Yellow-crowned night heron
895,Wolfgang,Lipp,llippou@state.tx.us,Lauretta,Hoary marmot
896,Merrel,Igonet,gigonetov@discovery.com,Gayle,Blue wildebeest
897,Rey,Molyneaux,amolyneauxow@google.nl,Alix,African wild dog
898,Monro,Giacoboni,fgiacoboniox@noaa.gov,Friedrick,African ground squirrel
899,Donal,Kubek,lkubekoy@ehow.com,Lonny,Kookaburra laughing
900,Clareta,Lahive,blahiveoz@aol.com,Bertina,Stork saddle-billed
901,Skipton,Jenteau,jjenteaup0@washington.edu,Jeri,Boubou southern
902,Eba,Kennet,kkennetp1@mozilla.org,Kenna,Racer snake
903,Inger,Kitman,gkitmanp2@nba.com,Glyn,American black bear
904,Vilhelmina,Whyman,cwhymanp3@last.fm,Carrissa,Helmeted guinea fowl
905,Lanita,McGreay,smcgreayp4@bloomberg.com,Sterling,Urial
906,Alethea,Magnus,gmagnusp5@wikimedia.org,Gladi,Kangaroo red
907,Seka,Cuddon,acuddonp6@exblog.jp,Adelind,Turkey vulture
908,Kathie,Harling,dharlingp7@printfriendly.com,Dotti,Square-lipped rhinoceros
909,Selena,Piatek,jpiatekp8@baidu.com,Jerald,Golden-mantled ground squirrel
910,Spenser,Jenton,jjentonp9@jimdo.com,Joannes,Reindeer
911,Taffy,Treverton,atrevertonpa@lulu.com,Alyssa,Cougar
912,Brandyn,Vize,tvizepb@sphinn.com,Talbert,Egyptian viper
913,Edik,Wrankmore,bwrankmorepc@ow.ly,Barby,Bulbul black-fronted
914,Arri,Dehmel,hdehmelpd@nytimes.com,Hewie,Brush-tailed phascogale
915,Veradis,Trahmel,ctrahmelpe@mtv.com,Collen,Capuchin weeper
916,Adore,Dayly,udaylypf@oakley.com,Ursulina,Nilgai
917,Hewitt,Miskimmon,dmiskimmonpg@google.cn,Dedie,Porcupine prehensile-tailed
918,Ferguson,Oddboy,eoddboyph@google.co.uk,Eugenie,Eagle african fish
919,Katerina,Vasey,svaseypi@theguardian.com,Sam,Glossy starling
920,Mandy,Hynson,phynsonpj@123-reg.co.uk,Philipa,Puffin horned
921,Kippar,Emery,wemerypk@sbwire.com,Wilmer,Quoll eastern
922,Kimmi,Nollet,bnolletpl@japanpost.jp,Billi,Owl snowy
923,Peta,Whettleton,cwhettletonpm@theglobeandmail.com,Correy,Black-eyed bulbul
924,Georgianne,Slowgrove,hslowgrovepn@aboutads.info,Hube,Chacma baboon
925,Gilberto,Gronno,hgronnopo@com.com,Hephzibah,Grenadier common
926,Hillary,Quigley,bquigleypp@si.edu,Bennie,Magistrate black colobus
927,Sheela,Glascott,aglascottpq@furl.net,Alfie,Tawny eagle
928,Arnoldo,Leavold,cleavoldpr@bigcartel.com,Charlena,Baboon yellow
929,Nico,Kleimt,lkleimtps@istockphoto.com,Lanita,Blue racer
930,Daveta,Creffield,dcreffieldpt@wix.com,Dolli,Australian pelican
931,Agnesse,Fitch,efitchpu@rediff.com,Eli,Brown pelican
932,Louise,Mallabon,gmallabonpv@tmall.com,Giustina,Turkey vulture
933,Dael,Buckbee,zbuckbeepw@ow.ly,Zollie,Mississippi alligator
934,Essa,Heinemann,mheinemannpx@google.nl,Marie-ann,Indian jackal
935,Jonas,O'Lagen,colagenpy@tinyurl.com,Constantina,Elephant african
936,Isidro,Hedgecock,whedgecockpz@cnet.com,Wyatt,Kalahari scrub robin
937,Maxim,De Hoogh,cdehooghq0@ehow.com,Charlena,White-throated monitor
938,Duffy,Todhunter,mtodhunterq1@webnode.com,Mickie,Bee-eater nubian
939,Rikki,Messer,dmesserq2@drupal.org,Dyana,Pallas's fish eagle
940,Demetrius,Menendes,nmenendesq3@shop-pro.jp,Neille,Quail gambel's
941,Risa,Ellett,jellettq4@intel.com,Janos,Sloth two-toed
942,Edgard,Sheron,ksheronq5@merriam-webster.com,Kore,Chickadee black-capped
943,Cal,Alben,valbenq6@jugem.jp,Valaria,River wallaby
944,Ingelbert,Lindenbluth,alindenbluthq7@miibeian.gov.cn,Astrid,Black-capped chickadee
945,Leia,Farington,pfaringtonq8@zimbio.com,Perry,Eurasian hoopoe
946,Red,Gyford,sgyfordq9@newsvine.com,Selestina,Australian spiny anteater
947,Noach,Zorzenoni,ezorzenoniqa@wordpress.com,Eberhard,Bear american black
948,Stesha,Nenci,snenciqb@photobucket.com,Siana,Cat european wild
949,Harmonia,Vasyukhnov,kvasyukhnovqc@pcworld.com,Kare,Nutcracker clark's
950,Sharla,Benedetti,abenedettiqd@sogou.com,Alfredo,Sugar glider
951,Dylan,Rousel,rrouselqe@google.es,Rosie,Giant otter
952,Cecil,Fordyce,cfordyceqf@ameblo.jp,Chrysler,Owl snowy
953,Alair,Sizeland,bsizelandqg@sogou.com,Benoite,Four-spotted skimmer
954,Roxie,Jessop,ajessopqh@independent.co.uk,Alejoa,Great white pelican
955,Katharina,Winpenny,hwinpennyqi@virginia.edu,Helene,Gull lava
956,Kaitlin,Jacquest,mjacquestqj@cafepress.com,Monty,Lapwing southern
957,Christoper,Tomaino,ntomainoqk@gmpg.org,Nell,California sea lion
958,Brooke,Ragge,iraggeql@psu.edu,Ilsa,Dragonfly russian
959,Allard,Theodoris,ctheodorisqm@cisco.com,Carl,Ring-tailed lemur
960,Davon,Easseby,reassebyqn@macromedia.com,Rivalee,Capuchin black-capped
961,Dawn,Vallance,bvallanceqo@google.pl,Bat,Bald eagle
962,Hannie,Dignum,jdignumqp@ow.ly,Janetta,Squirrel african bush
963,Mick,Huntress,bhuntressqq@addtoany.com,Brannon,Gelada baboon
964,Issiah,Titman,ztitmanqr@independent.co.uk,Zia,Chacma baboon
965,Adria,Sparshutt,osparshuttqs@shop-pro.jp,Obed,Kangaroo jungle
966,Jaimie,Crumb,ncrumbqt@tuttocitta.it,Nerta,Possum pygmy
967,Ronica,Berry,hberryqu@cafepress.com,Holmes,Zebra common
968,Stefania,Espada,wespadaqv@go.com,Web,Barrows goldeneye
969,Locke,MacLice,dmacliceqw@bloglovin.com,Donaugh,Vulture griffon
970,Lyda,Yanukhin,myanukhinqx@sina.com.cn,Mignonne,African lion
971,Calv,Perelli,operelliqy@umich.edu,Oralie,Red-winged blackbird
972,Lucia,Doldon,cdoldonqz@deviantart.com,Caitrin,Owl australian masked
973,Jacqui,Gaskoin,igaskoinr0@who.int,Ines,Tayra
974,Porter,Janik,kjanikr1@histats.com,Karrie,African wild cat
975,Farrel,Comley,pcomleyr2@yellowbook.com,Percival,Dragon frilled
976,Gus,Bouller,kboullerr3@baidu.com,Kitti,Phascogale red-tailed
977,Ursala,Roch,arochr4@arizona.edu,Aurlie,Macaw red and blue
978,Lorie,Cordingly,ncordinglyr5@spiegel.de,Nicol,Macaque pig-tailed
979,Theodora,Sarney,rsarneyr6@reddit.com,Rici,Suricate
980,Deana,Lewsey,glewseyr7@arstechnica.com,Geri,Kangaroo western grey
981,Pansie,Amberg,mambergr8@tumblr.com,Mendie,Red-tailed hawk
982,Issy,Myrick,lmyrickr9@cnn.com,Lavina,Pale-throated three-toed sloth
983,Abbott,Hughland,mhughlandra@ox.ac.uk,Mendel,Red-billed hornbill
984,Jerry,Gerty,wgertyrb@columbia.edu,Ware,Sandhill crane
985,Erl,Wozencraft,fwozencraftrc@csmonitor.com,Fancie,Chuckwalla
986,Gael,Hunstone,phunstonerd@goo.ne.jp,Pernell,Wallaby red-necked
987,Lelia,Dalrymple,sdalrymplere@linkedin.com,Saunders,Crane blue
988,Bentlee,Buyers,jbuyersrf@wired.com,Jeniece,American Virginia opossum
989,Dahlia,Crinkley,pcrinkleyrg@hatena.ne.jp,Petra,Crow house
990,Matti,Bolden,wboldenrh@springer.com,Waldemar,Anaconda
991,Sylvia,Laguerre,dlaguerreri@earthlink.net,Derby,Giant armadillo
992,Rik,Skellern,pskellernrj@ask.com,Pepe,Hyrax
993,Davis,Riditch,griditchrk@csmonitor.com,Grissel,Turkey common
994,Lucine,Robiou,orobiourl@earthlink.net,Oralia,Loris slender
995,Nat,Bertl,bbertlrm@shinystat.com,Bastian,Goldeneye barrows
996,Halsy,McGilben,rmcgilbenrn@naver.com,Rowena,Frog
997,Alberto,Kaplan,kkaplanro@storify.com,Katerine,Weaver lesser masked
998,Danella,Lissandre,dlissandrerp@yelp.com,Delphine,American racer
999,Regan,Burgane,fburganerq@auda.org.au,Frazier,Praying mantis
1000,Gabi,Hrinishin,nhrinishinrr@opera.com,Neils,Blue and gold macaw
